ligand,UNL1,UNL1,UNL1,UNL1,UNL1,UNL1,UNL1,UNL1,UNL1,UNL1,UNL1,UNL1,UNL1,UNL1,UNL1,UNL1,UNL1,UNL1,UNL1,UNL1,UNL1,UNL1,UNL1,UNL1,UNL1
protein,THR237.A,TYR239.A,GLU241.A,ASP291.A,ASP382.A,THR237.A,ASP291.A,ASP291.A,LYS358.A,LYS358.A,SER361.A,TRP539.A,ARG538.A,VAL383.A,THR385.A,LEU412.A,TYR433.A,PRO454.A,THR523.A,GLN535.A,TRP539.A,LEU493.A,MET238.A,TYR239.A,ASP524.A
interaction,VdWContact,Hydrophobic,VdWContact,VdWContact,VdWContact,HBDonor,Hydrophobic,HBDonor,Hydrophobic,VdWContact,VdWContact,Hydrophobic,VdWContact,VdWContact,VdWContact,Hydrophobic,VdWContact,VdWContact,VdWContact,VdWContact,VdWContact,VdWContact,VdWContact,VdWContact,VdWContact
mol,,,,,,,,,,,,,,,,,,,,,,,,,
BGI,2,2,1,1,1,0,0,0,0,0,0,0,0,0,0,0,0,0,0,0,0,0,0,0,0
CHEMBL36409,2,5,0,1,0,1,2,0,5,0,0,0,0,0,0,0,0,0,0,0,0,0,0,0,0
CHEMBL285056,0,4,0,2,0,0,0,1,1,0,1,0,0,0,0,0,0,0,0,0,0,0,0,0,0
CHEMBL4741395,2,4,0,0,0,1,2,0,6,0,0,0,0,0,0,0,0,0,0,0,0,0,0,0,0
CHEMBL36445,2,4,0,0,0,1,2,0,6,0,0,0,0,0,0,0,0,0,0,0,0,0,0,0,0
CHEMBL32125,0,0,0,0,0,0,0,0,0,0,0,0,0,0,0,1,0,0,0,0,1,0,0,0,0
CHEMBL36446,0,4,0,2,0,0,0,1,1,0,1,0,0,0,0,0,0,0,0,0,0,0,0,0,0
CHEMBL36240,0,4,0,2,0,0,0,1,1,0,0,0,0,0,0,0,0,0,0,0,0,0,0,0,0
CHEMBL35735,4,5,0,1,0,1,2,0,7,1,0,0,1,0,0,0,0,0,0,0,0,0,0,0,0
CHEMBL35760,0,2,0,2,0,0,0,0,1,0,1,0,0,0,0,0,0,0,0,0,0,0,0,0,0
CHEMBL287375,3,5,0,0,0,1,2,0,6,0,0,0,0,0,0,0,0,0,0,0,0,0,0,0,0
CHEMBL443517,0,0,0,0,0,0,0,0,8,2,0,10,0,0,0,0,0,0,0,0,0,0,0,0,0
CHEMBL35671,2,4,0,1,0,1,2,0,8,0,0,0,0,0,0,0,0,0,0,0,0,0,0,0,0
CHEMBL35895,0,0,0,0,0,0,0,0,0,0,0,8,0,0,0,0,0,0,0,0,0,0,0,0,0
CHEMBL32780,3,5,1,0,0,1,2,0,7,0,0,0,0,0,0,0,0,0,0,0,0,0,0,0,0
CHEMBL412808,0,0,0,0,0,0,0,0,0,0,0,8,0,0,0,0,0,0,0,0,0,0,0,0,0
CHEMBL34818,0,0,0,0,0,0,0,0,0,0,0,7,0,0,0,0,0,0,0,1,1,0,0,0,0
CHEMBL287110,0,0,0,0,0,0,0,0,0,0,0,4,0,0,0,2,0,0,0,0,0,2,0,0,0
CHEMBL265094,2,4,0,0,2,0,1,0,7,0,0,0,0,1,0,0,0,0,0,0,0,0,0,0,0
CHEMBL35516,2,4,0,0,1,1,1,0,7,0,0,0,0,0,0,0,0,0,0,0,0,0,1,0,0
CHEMBL285445,0,5,0,2,0,0,0,0,0,0,1,0,0,2,1,0,0,0,0,0,0,0,0,0,0
CHEMBL32687,3,4,0,1,0,1,2,0,8,1,0,0,2,0,0,0,0,0,0,0,0,0,0,0,0
CHEMBL1791178,0,0,0,0,4,0,0,0,0,0,0,0,0,1,1,0,1,3,1,0,0,1,0,0,0
CHEMBL4786444,2,4,0,0,0,1,1,0,7,0,0,0,0,0,0,0,0,0,0,0,0,0,1,0,0
CHEMBL416596,2,4,0,0,1,1,1,0,7,0,0,0,0,0,0,0,0,0,0,0,0,0,0,0,0
CHEMBL35365,0,0,0,0,0,0,0,0,0,0,0,0,0,0,1,1,0,0,0,0,0,0,0,0,0
CHEMBL32495,3,5,0,0,0,1,2,0,6,1,0,0,0,0,0,0,0,0,0,0,0,0,0,0,0
CHEMBL35306,0,2,3,1,0,0,0,0,2,3,0,0,0,0,2,0,1,0,2,0,0,0,0,1,1
CHEMBL422402,1,4,0,0,0,0,1,0,8,0,0,0,0,0,0,0,0,0,0,0,0,0,0,0,0
CHEMBL1791436,2,0,0,0,0,0,0,0,0,1,0,10,0,0,0,0,3,0,5,1,0,0,0,3,4
